{"name": "Ashmore and Cartier Islands", "short": "aq", "geometry": [[[[123.59701582100013, -12.428317966999899], [123.59774824300007, -12.438571872999844], [123.57561282600017, -12.436781507999939], [123.57504316500001, -12.426608981999905], [123.59701582100013, -12.428317966999899]]]], "top_left": [123.59774824300007, -12.438571872999844], "top_right": [123.59774824300007, -12.426608981999905], "bot_left": [123.57504316500001, -12.438571872999844], "bot_right": [123.57504316500001, -12.426608981999905], "canvas_latlon_ratio": 1.8979591137437914, "middle": [123.58848717520009, -12.431719659399898]}