{"name": "Bajo Nuevo Bank (Petrel Is.)", "short": "um", "geometry": [[[[-79.98928788999987, 15.794948635000054], [-79.9878230459999, 15.796210028000075], [-79.98639889199993, 15.794419664000088], [-79.98814856699991, 15.79417552300012], [-79.98928788999987, 15.794948635000054]]]], "top_left": [-79.98639889199993, 15.79417552300012], "top_right": [-79.98639889199993, 15.796210028000075], "bot_left": [-79.98928788999987, 15.79417552300012], "bot_right": [-79.98928788999987, 15.796210028000075], "canvas_latlon_ratio": 1.420000442373146, "middle": [-79.9881892569999, 15.794940497000079]}