{"name": "Clipperton Island", "short": "-", "geometry": [[[[-109.2120255199999, 10.302679755000014], [-109.21035722599991, 10.28872304900004], [-109.2185766269999, 10.281561591000084], [-109.22801673099993, 10.292141018000052], [-109.23424231699988, 10.30792877800009], [-109.22594153599991, 10.31102122600008], [-109.2120255199999, 10.302679755000014]]]], "top_left": [-109.21035722599991, 10.281561591000084], "top_right": [-109.21035722599991, 10.31102122600008], "bot_left": [-109.23424231699988, 10.281561591000084], "bot_right": [-109.23424231699988, 10.31102122600008], "canvas_latlon_ratio": 0.8107734871790669, "middle": [-109.22016935385705, 10.298105024571482]}