{"name": "Coral Sea Islands", "short": "-", "geometry": [[[[154.3912866550001, -21.030043226999865], [154.38851972700002, -21.029066664999974], [154.3912866550001, -21.02874114399995], [154.3912866550001, -21.030043226999865]]]], "top_left": [154.3912866550001, -21.030043226999865], "top_right": [154.3912866550001, -21.02874114399995], "bot_left": [154.38851972700002, -21.030043226999865], "bot_right": [154.38851972700002, -21.02874114399995], "canvas_latlon_ratio": 2.1250012482067646, "middle": [154.3905949230001, -21.029473565749914]}