{"name": "Gibraltar", "short": "gi", "geometry": [[[[-5.358386758763487, 36.1411094470883], [-5.338773483119979, 36.14111967201225], [-5.339914516999897, 36.129828192000076], [-5.339060024999895, 36.12384674700007], [-5.34203040299991, 36.11050039300005], [-5.350249803999901, 36.11928945500003], [-5.358386758763487, 36.1411094470883]]]], "top_left": [-5.338773483119979, 36.11050039300005], "top_right": [-5.338773483119979, 36.14111967201225], "bot_left": [-5.358386758763487, 36.11050039300005], "bot_right": [-5.358386758763487, 36.14111967201225], "canvas_latlon_ratio": 0.6405531507026372, "middle": [-5.346685964235222, 36.12954333616987]}