{"name": "Saint Barthelemy", "short": "bl", "geometry": [[[[-62.83885657499988, 17.88198476800008], [-62.85094153599988, 17.890448309000107], [-62.861317511999886, 17.905422268000052], [-62.8673396479999, 17.920396226000094], [-62.866118943999965, 17.92914459800005], [-62.857411261999886, 17.925034898000092], [-62.7916560539999, 17.915472723000022], [-62.79893958199992, 17.904486395000077], [-62.81012936099992, 17.892279364000075], [-62.82384192599994, 17.883246161000073], [-62.83885657499988, 17.88198476800008]]]], "top_left": [-62.7916560539999, 17.88198476800008], "top_right": [-62.7916560539999, 17.92914459800005], "bot_left": [-62.8673396479999, 17.88198476800008], "bot_right": [-62.8673396479999, 17.92914459800005], "canvas_latlon_ratio": 1.60483178162529, "middle": [-62.83685536136355, 17.9027182252728]}