{"name": "Scarborough Reef", "short": "-", "geometry": [[[[117.75388717800001, 15.154369263000063], [117.75569233100015, 15.151887178000052], [117.75388717800001, 15.150082025000074], [117.7518563810001, 15.151887178000052], [117.75388717800001, 15.154369263000063]]]], "top_left": [117.75569233100015, 15.150082025000074], "top_right": [117.75569233100015, 15.154369263000063], "bot_left": [117.7518563810001, 15.150082025000074], "bot_right": [117.7518563810001, 15.154369263000063], "canvas_latlon_ratio": 0.8947368912250956, "middle": [117.75384204920006, 15.15251898140006]}