{"name": "Serranilla Bank", "short": "-", "geometry": [[[[-78.63707434799989, 15.86208730700011], [-78.64041093699993, 15.86399974200009], [-78.63687089799993, 15.867295640000123], [-78.63707434799989, 15.86208730700011]]]], "top_left": [-78.63687089799993, 15.86208730700011], "top_right": [-78.63687089799993, 15.867295640000123], "bot_left": [-78.64041093699993, 15.86208730700011], "bot_right": [-78.64041093699993, 15.867295640000123], "canvas_latlon_ratio": 0.6796875314984325, "middle": [-78.6378576327499, 15.863867499000108]}