{"name": "Sint Maarten", "short": "sx", "geometry": [[[[-63.0175685850526, 18.033391472135662], [-63.03062903599991, 18.019110419000043], [-63.097645636999886, 18.035956122000044], [-63.112172003999916, 18.043036200000103], [-63.11888587099989, 18.051499742000146], [-63.10700436099992, 18.059475002000084], [-63.10700436099992, 18.0621092720001], [-63.0858861909999, 18.058511251000112], [-63.0175685850526, 18.033391472135662]]]], "top_left": [-63.0175685850526, 18.019110419000043], "top_right": [-63.0175685850526, 18.0621092720001], "bot_left": [-63.11888587099989, 18.019110419000043], "bot_right": [-63.11888587099989, 18.0621092720001], "canvas_latlon_ratio": 2.3562788046265846, "middle": [-63.07715162567828, 18.04405343914133]}