{"name": "Vatican", "short": "va", "geometry": [[[[12.45313691700008, 41.902751941000105], [12.452714082000085, 41.90301621300003], [12.452766936000103, 41.90343904900004], [12.45303120800014, 41.90391473800014], [12.453982588000144, 41.903861884], [12.454035442000077, 41.902751941000105], [12.45313691700008, 41.902751941000105]]]], "top_left": [12.454035442000077, 41.902751941000105], "top_right": [12.454035442000077, 41.90391473800014], "bot_left": [12.452714082000085, 41.902751941000105], "bot_right": [12.452714082000085, 41.90391473800014], "canvas_latlon_ratio": 1.1363634408688874, "middle": [12.453257727142958, 41.9032125295715]}